,id,title,year,runtimeMins,awards,directors,writers,stars,genres,companies,countries,contentRating,imDbRating,imDbRatingVotes,budget,openingWeekendUSA,grossUSA,cumulativeWorldwideGross
0,tt2386404,He Never Died,2015,99,"Awards, 3 nominations",Jason Krawczyk,Jason Krawczyk,"Henry Rollins, Booboo Stewart, Kate Greenhouse","Comedy, Drama, Fantasy",Alternate Ending Studios,Canada,R,6.3,20634,,,,
1,tt1016024,Battle Planet,2008,85,,Greg Aronowitz,Greg Aronowitz,"Zack Ward, Monica May, Colleen Smith",Sci-Fi,"CBS Europa, Night Light Films",USA,Unrated,3.8,920,,,,
2,tt0403508,The Sisterhood of the Traveling Pants,2005,119,"Awards, 1 win & 14 nominations",Ken Kwapis,"Ann Brashares, Delia Ephron, Elizabeth Chandler","Amber Tamblyn, Alexis Bledel, America Ferrera","Comedy, Drama, Romance","Alcon Entertainment, DiNovi Pictures, Alloy Entertainment",USA,PG,6.5,60945,"$25,000,000 (estimated)","$9,833,340","$39,053,061","$42,013,878"
3,tt0114720,Tremors II: Aftershocks,1996,100,"Awards, 2 nominations",S.S. Wilson,"Brent Maddock, S.S. Wilson, Ron Underwood","Fred Ward, Chris Gartin, Helen Shaver","Action, Comedy, Horror","MCA/Universal Pictures, Stampede Entertainment",USA,PG-13,5.9,30621,"$4,000,000 (estimated)",,,
4,tt0183790,A Knight's Tale,2001,132,"Awards, 4 wins & 13 nominations",Brian Helgeland,Brian Helgeland,"Heath Ledger, Mark Addy, Rufus Sewell","Action, Adventure, Romance","Columbia Pictures, Escape Artists, Finestkind",USA,PG-13,6.9,186607,"$65,000,000 (estimated)","$16,511,391","$56,569,702","$117,487,473"
5,tt0276751,About a Boy,2002,101,"Nominated for 1 Oscar, 11 wins & 30 nominations total","Chris Weitz, Paul Weitz","Nick Hornby, Peter Hedges, Chris Weitz","Hugh Grant, Nicholas Hoult, Toni Collette","Comedy, Drama, Romance","Universal Pictures, StudioCanal, Tribeca Productions","UK, USA, France, Germany",PG-13,7.1,183887,"$30,000,000 (estimated)","$8,557,630","$41,385,278","$130,549,455"
6,tt0095863,Phantasm II,1988,97,"Awards, 3 nominations",Don Coscarelli,Don Coscarelli,"James Le Gros, Reggie Bannister, Angus Scrimm","Action, Fantasy, Horror","Spacegate Productions, Starway International Inc., Universal Pictures",USA,R,6.4,15382,"$3,000,000 (estimated)","$3,012,285","$7,282,851","$7,282,851"
7,tt0071746,Lenny,1974,111,"Nominated for 6 Oscars, 7 wins & 16 nominations total",Bob Fosse,Julian Barry,"Dustin Hoffman, Valerie Perrine, Jan Miner","Biography, Drama",Marvin Worth Productions,USA,R,7.6,16226,,,"$8,427,866",
8,tt0092086,Three Amigos!,1986,104,,John Landis,"Steve Martin, Lorne Michaels, Randy Newman","Steve Martin, Chevy Chase, Martin Short","Comedy, Western","L.A. Films, Home Box Office (HBO), Broadway Video",USA,PG,6.5,75631,"$25,000,000 (estimated)","$5,939,000","$39,246,734","$39,246,734"
9,tt0119311,Hoodlum,1997,130,"Awards, 7 nominations",Bill Duke,Chris Brancato,"Laurence Fishburne, Tim Roth, Vanessa Williams","Crime, Drama",United Artists,USA,R,6.3,11606,"$30,000,000 (estimated)","$8,162,768","$23,499,102","$23,499,102"
10,tt0066434,THX 1138,1971,86,"Awards, 2 wins & 3 nominations",George Lucas,"George Lucas, Walter Murch","Robert Duvall, Donald Pleasence, Don Pedro Colley","Drama, Sci-Fi, Thriller","American Zoetrope, Warner Bros.",USA,GP,6.7,51696,"$777,000 (estimated)",,"$2,437,000","$2,437,000"
11,tt0048394,Death of a Cyclist,1955,88,"Awards, 2 wins",Juan Antonio Bardem,"Juan Antonio Bardem, Luis Fernando de Igoa","Lucia Bosè, Alberto Closas, Bruna Corrà","Crime, Drama","Guión Producciones Cinematográficas, Suevia Films - Cesáreo González, Trionfalcine","Spain, Italy",Not Rated,7.7,3796,,,,
12,tt1055292,Life as We Know It,2010,114,"Awards, 2 nominations",Greg Berlanti,"Ian Deitchman, Kristin Rusk Robinson","Katherine Heigl, Josh Duhamel, Josh Lucas","Comedy, Drama, Romance","Josephson Entertainment, Gold Circle Films, Village Roadshow Pictures",USA,PG-13,6.5,132087,"$38,000,000 (estimated)","$14,506,464","$53,374,681","$105,734,416"
13,tt2994190,Camp X-Ray,2014,117,"Awards, 6 nominations",Peter Sattler,Peter Sattler,"Kristen Stewart, Payman Maadi, Lane Garrison","Drama, War","GNK Productions, Gotham Group, Rough House Pictures",USA,R,6.9,41589,"$1,000,000 (estimated)","$1,316","$13,302","$79,624"
14,tt0361841,Little Black Book,2004,107,"Awards, 1 nomination",Nick Hurran,"Melissa Carter, Elisa Bell","Brittany Murphy, Ron Livingston, Holly Hunter","Comedy, Drama, Romance","Revolution Studios, Blue Star Pictures",USA,PG-13,5.3,18293,"$35,000,000 (estimated)","$7,075,217","$20,698,668","$22,035,509"
15,tt0312004,Wallace & Gromit: The Curse of the Were-Rabbit,2005,85,"Won 1 Oscar, 40 wins & 25 nominations total","Steve Box, Nick Park","Steve Box, Nick Park, Mark Burton","Peter Sallis, Helena Bonham Carter, Ralph Fiennes","Animation, Adventure, Comedy","Aardman Animations, DreamWorks Animation","UK, USA",G,7.5,135731,"$30,000,000 (estimated)","$16,025,987","$56,110,897","$194,137,091"
16,tt0039402,The Fugitive,1947,104,"Awards, 1 win & 2 nominations","John Ford, Emilio Fernández","Dudley Nichols, Graham Greene","Henry Fonda, Dolores del Rio, Pedro Armendáriz","Drama, History","Argosy Pictures, Productora Mex. Desconcida","Mexico, USA",Approved,6.3,2407,"$1,500,000 (estimated)",,,
17,tt0109593,Delta of Venus,1995,102,,Zalman King,"Anaïs Nin, Elisa M. Rothstein, Patricia Louisianna Knop","Audie England, Costas Mandylor, Eric da Silva",Drama,"Alliance Communications Corporation, Evzen Kolar Productions, New Line Cinema",USA,R,4.7,2186,,"$3,750","$63,174","$63,174"
18,tt4853102,Batman: The Killing Joke,2016,76,"Awards, 1 win & 2 nominations",Sam Liu,"Brian Azzarello, Brian Bolland, Bob Kane","Kevin Conroy, Mark Hamill, Tara Strong","Animation, Action, Crime","Warner Bros. Animation, DC Entertainment",USA,R,6.4,56822,"$3,500,000 (estimated)",,"$3,775,000","$4,462,034"
19,tt4464394,The Gracefield Incident,2017,89,,Mathieu Ratthe,Mathieu Ratthe,"Mathieu Ratthe, Victor Andres Turgeon-Trelles, Kimberly Laferriere","Action, Horror, Mystery",Matt Ratt Productions,"USA, Canada",PG-13,4.1,2381,,,,"$102,256"
20,tt0119465,"Kiss Me, Guido",1997,86,,Tony Vitale,Tony Vitale,"Nick Scotti, Anthony Barrile, Anthony DeSando",Comedy,"Capitol Films, Redeemable Features",USA,R,6.1,2043,"$740,000 (estimated)",,"$1,918,497","$1,918,497"
21,tt2125666,The Queen of Versailles,2012,100,"Awards, 8 wins & 27 nominations",Lauren Greenfield,,"Jaqueline Siegel, David Siegel, Lorraine Barrett",Documentary,"Evergreen Pictures, BBC Storyville, Impact Partners","USA, Netherlands, UK, Denmark",PG,7.1,13289,"$1,000,000 (estimated)","$51,326","$2,401,999","$2,495,706"
22,tt1412528,Table 19,2017,87,"Awards, 2 nominations",Jeffrey Blitz,"Mark Duplass, Jay Duplass, Jeffrey Blitz","Anna Kendrick, Lisa Kudrow, Craig Robinson","Comedy, Drama, Romance","3311 Productions, 21 Laps Entertainment, Hurwitz Creative",USA,PG-13,5.8,28879,"$5,000,000 (estimated)","$1,597,928","$3,614,896","$5,042,014"
23,tt0120177,Spawn,1997,96,"Awards, 2 wins & 6 nominations",Mark A.Z. Dippé,"Todd McFarlane, Alan B. McElroy, Mark A.Z. Dippé","Michael Jai White, John Leguizamo, Martin Sheen","Action, Drama, Horror","McFarlane Films, New Line Cinema, Pull Down Your Pants Pictures",USA,PG-13,5.2,68597,"$40,000,000 (estimated)","$19,738,749","$54,870,175","$87,840,042"
24,tt0805566,Love Exchange,2001,90,,Madison Monroe,Jin Lian,"Holly Sampson, Taylor Moore, Monique DeMoan","Drama, Romance","Surrender Cinema, Twilight Movies",USA,Unrated,5.8,69,,,,
25,tt0074483,The Enforcer,1976,96,"Awards, 2 nominations",James Fargo,"Harry Julian Fink, Rita M. Fink, Stirling Silliphant","Clint Eastwood, Tyne Daly, Harry Guardino","Action, Crime, Thriller","Warner Bros., The Malpaso Company",USA,R,6.7,45783,"$9,000,000 (estimated)",,"$46,236,000","$46,236,000"
26,tt1524930,Vacation,2015,99,"Awards, 1 win & 3 nominations","John Francis Daley, Jonathan Goldstein","Jonathan Goldstein, John Francis Daley, John Hughes","Ed Helms, Christina Applegate, Skyler Gisondo","Adventure, Comedy","BenderSpink, David Dobkin Productions, New Line Cinema",USA,R,6.1,111944,"$31,000,000 (estimated)","$14,681,108","$58,884,188","$107,228,221"
27,tt0085244,The Big Chill,1983,105,"Nominated for 3 Oscars, 3 wins & 8 nominations total",Lawrence Kasdan,"Lawrence Kasdan, Barbara Benedek","Tom Berenger, Glenn Close, Jeff Goldblum","Comedy, Drama","Columbia Pictures, Carson Productions, Delphi Films",USA,R,7.1,37779,"$8,000,000 (estimated)","$3,662,152","$56,399,659","$56,399,659"
28,tt0993779,Ricky Gervais Live 3: Fame,2007,79,,Dominic Brigstocke,Ricky Gervais,"Ricky Gervais, Robin Ince",Comedy,,UK,Not Rated,7.7,3356,,,,
29,tt1971571,Fraktus - Das letzte Kapitel der Musikgeschichte,2012,95,"Awards, 1 nomination","Lars Jessen, Jacques Palminger, Rocko Schamoni","Heinz Strunk, Rocko Schamoni, Jacques Palminger","Devid Striesow, Heinz Strunk, Rocko Schamoni","Comedy, Music","Corazón International, Norddeutscher Rundfunk (NDR), ARTE",Germany,,7,1473,,,,"$423,477"
30,tt0052618,Ben-Hur,1959,212,"Top rated movie #181 | Won 11 Oscars, 29 wins & 16 nominations total",William Wyler,"Lew Wallace, Karl Tunberg, Gore Vidal","Charlton Heston, Jack Hawkins, Stephen Boyd","Adventure, Drama",Metro-Goldwyn-Mayer (MGM),USA,G,8.1,238398,"$15,000,000 (estimated)","$241,792","$74,432,704","$74,437,720"
31,tt0120082,Scream 2,1997,120,"Awards, 8 wins & 13 nominations",Wes Craven,Kevin Williamson,"Neve Campbell, Courteney Cox, David Arquette","Horror, Mystery","Dimension Films, Konrad Pictures, Craven-Maddalena Films",USA,R,6.3,182360,"$24,000,000 (estimated)","$32,926,342","$101,363,301","$172,363,301"
32,tt0063518,Romeo and Juliet,1968,138,"Won 2 Oscars, 16 wins & 15 nominations total",Franco Zeffirelli,"William Shakespeare, Franco Brusati, Masolino D'Amico","Leonard Whiting, Olivia Hussey, John McEnery","Drama, Romance","BHE Films, Verona Produzione, Dino de Laurentiis Cinematografica","UK, Italy",PG,7.6,31890,"$850,000 (estimated)",,,"$6,292"
33,tt0115433,101 Dalmatians,1996,103,"Nominated for 1 BAFTA Award, 3 wins & 10 nominations total",Stephen Herek,"Dodie Smith, John Hughes","Glenn Close, Jeff Daniels, Joely Richardson","Adventure, Comedy, Crime","Walt Disney Pictures, Wizzer Productions, Great Oaks Entertainment","USA, UK",G,5.7,111303,"$75,000,000 (estimated)","$33,504,025","$136,189,294","$320,689,294"
34,tt2080374,Steve Jobs,2015,122,"Nominated for 2 Oscars, 28 wins & 114 nominations total",Danny Boyle,"Aaron Sorkin, Walter Isaacson","Michael Fassbender, Kate Winslet, Seth Rogen","Biography, Drama","Universal Pictures, Legendary Entertainment, Scott Rudin Productions","UK, USA",R,7.2,169104,"$30,000,000 (estimated)","$521,522","$17,766,658","$34,441,873"
35,tt0061770,Hombre,1967,111,"Awards, 3 nominations",Martin Ritt,"Irving Ravetch, Harriet Frank Jr., Elmore Leonard","Paul Newman, Fredric March, Richard Boone",Western,Hombre Productions,USA,Approved,7.4,12733,"$5,860,000 (estimated)",,,
36,tt0098724,"Sex, Lies, and Videotape",1989,100,"Nominated for 1 Oscar, 15 wins & 24 nominations total",Steven Soderbergh,Steven Soderbergh,"James Spader, Andie MacDowell, Peter Gallagher",Drama,"Outlaw Productions (I), Virgin",USA,R,7.2,55255,"$1,200,000 (estimated)","$155,982","$24,741,667","$24,742,089"
37,tt0112744,The Crossing Guard,1995,111,"Awards, 4 nominations",Sean Penn,Sean Penn,"Jack Nicholson, David Morse, Anjelica Huston","Drama, Thriller",Miramax,USA,R,6.3,13744,"$9,000,000 (estimated)","$71,804","$868,979","$868,979"
38,tt2181931,English Vinglish,2012,134,"Awards, 12 wins & 21 nominations",Gauri Shinde,Gauri Shinde,"Sridevi, Adil Hussain, Mehdi Nebbou","Comedy, Drama, Family","Curbside Films, Eros Worldwide, Hope Productions",India,Not Rated,7.8,36537,,"$745,414","$1,862,086","$10,299,150"
39,tt0112642,Casper,1995,100,"Awards, 4 wins & 5 nominations",Brad Silberling,"Joseph Oriolo, Sherri Stoner, Deanna Oliver","Bill Pullman, Christina Ricci, Cathy Moriarty","Comedy, Family, Fantasy","Universal Pictures, Amblin Entertainment, The Harvey Entertainment Company",USA,PG,6.1,133548,"$55,000,000 (estimated)","$16,840,385","$100,328,194","$287,928,194"
40,tt0099423,Die Hard 2,1990,124,"Awards, 2 nominations",Renny Harlin,"Steven E. de Souza, Doug Richardson, Walter Wager","Bruce Willis, William Atherton, Bonnie Bedelia","Action, Thriller","Twentieth Century Fox, Gordon Company, Silver Pictures",USA,R,7.1,360478,"$70,000,000 (estimated)","$21,744,661","$117,540,947","$240,031,274"
41,tt0091369,Labyrinth,1986,101,"Nominated for 1 BAFTA Award, 4 nominations total",Jim Henson,"Dennis Lee, Jim Henson, Terry Jones","David Bowie, Jennifer Connelly, Toby Froud","Adventure, Family, Fantasy","Henson Associates (HA), Lucasfilm, The Jim Henson Company","UK, USA",PG,7.3,136673,"$25,000,000 (estimated)","$3,549,243","$13,723,253","$14,003,548"
42,tt0055254,One Hundred and One Dalmatians,1961,79,"Won 1 BAFTA Award, 1 win & 1 nomination total","Clyde Geronimi, Hamilton Luske, Wolfgang Reitherman","Bill Peet, Dodie Smith","Rod Taylor, Betty Lou Gerson, J. Pat O'Malley","Animation, Adventure, Comedy",Walt Disney Animation Studios,USA,G,7.3,167514,"$4,000,000 (estimated)","$2,389,226","$144,880,014","$215,880,014"
43,tt0765429,American Gangster,2007,157,"Nominated for 2 Oscars, 12 wins & 38 nominations total",Ridley Scott,"Steven Zaillian, Mark Jacobson","Denzel Washington, Russell Crowe, Chiwetel Ejiofor","Biography, Crime, Drama","Universal Pictures, Imagine Entertainment, Relativity Media","USA, UK",R,7.8,424676,"$100,000,000 (estimated)","$43,565,135","$130,164,645","$269,755,430"
44,tt0081353,Popeye,1980,114,"Awards, 3 wins & 4 nominations",Robert Altman,"Jules Feiffer, E.C. Segar","Robin Williams, Shelley Duvall, Ray Walston","Adventure, Comedy, Family","Paramount Pictures, Walt Disney Productions, Robert Evans Company",USA,PG,5.3,32136,"$20,000,000 (estimated)","$6,310,520","$49,823,037","$49,823,037"
45,tt0110712,Of Love and Shadows,1994,103,"Awards, 4 nominations",Betty Kaplan,"Isabel Allende, Donald Freed","Antonio Banderas, Jennifer Connelly, Stefania Sandrelli","Drama, Romance, Thriller","Aleph Producciones S.A., Argentina Espanola, Miramax","USA, Argentina",R,5,2209,,"$6,357","$19,710","$1,181,182"
46,tt1092633,"The Goods: Live Hard, Sell Hard",2009,89,,Neal Brennan,"Andy Stock, Rick Stempson","Jeremy Piven, Ving Rhames, David Koechner",Comedy,"Paramount Vantage, Gary Sanchez Productions, Kevin Messick Productions",USA,R,5.7,21685,"$10,000,000 (estimated)","$5,642,137","$15,122,676","$15,300,885"
47,tt1270797,Venom,2018,112,"Awards, 3 wins & 9 nominations",Ruben Fleischer,"Jeff Pinkner, Scott Rosenberg, Kelly Marcel","Tom Hardy, Michelle Williams, Riz Ahmed","Action, Adventure, Sci-Fi","Avi Arad Productions, Columbia Pictures, Marvel Entertainment","USA, China",PG-13,6.6,477727,"$100,000,000 (estimated)","$80,255,756","$213,515,506","$856,085,151"
48,tt0861739,Elite Squad,2007,115,"Awards, 47 wins & 17 nominations",José Padilha,"André Batista, Bráulio Mantovani, José Padilha","Wagner Moura, André Ramiro, Caio Junqueira","Action, Crime, Drama","Zazen Produções, Posto 9, Feijão Filmes","Brazil, USA, Argentina",R,8,104084,"$4,000,000 (estimated)","$3,604","$8,744","$14,759,148"
49,tt0099528,The Exorcist III,1990,110,"Awards, 2 wins & 5 nominations",William Peter Blatty,William Peter Blatty,"George C. Scott, Ed Flanders, Brad Dourif","Drama, Horror, Mystery",Morgan Creek Entertainment,USA,R,6.4,32043,,"$9,312,219","$26,098,824","$39,024,251"
50,tt1032819,Powder Blue,2009,106,,Timothy Linh Bui,"Timothy Linh Bui, Stephane Gauger","Jessica Biel, Eddie Redmayne, Forest Whitaker",Drama,"Blue Snow Productions, Eleven Eleven Films, Grosvenor Park Media",USA,R,6.2,14829,,,,"$17,835"
51,tt0070460,Day for Night,1973,116,"Won 1 Oscar, 13 wins & 7 nominations total",François Truffaut,"François Truffaut, Jean-Louis Richard, Suzanne Schiffman","Jacqueline Bisset, Jean-Pierre Léaud, François Truffaut","Comedy, Drama, Romance","Les Films du Carrosse, PECF, Produzione Intercontinentale Cinematografica (PIC)","France, Italy",PG,8,22961,,"$11,206",$509,$509
52,tt1392170,The Hunger Games,2012,142,"Won 1 BAFTA Award, 33 wins & 48 nominations total",Gary Ross,"Gary Ross, Suzanne Collins, Billy Ray","Jennifer Lawrence, Josh Hutcherson, Liam Hemsworth","Action, Adventure, Sci-Fi","Lionsgate, Color Force",USA,PG-13,7.2,910587,"$78,000,000 (estimated)","$152,535,747","$408,010,692","$694,394,724"
53,tt0086969,Birdy,1984,120,"Awards, 5 wins & 2 nominations",Alan Parker,"William Wharton, Sandy Kroopf, Jack Behr","Matthew Modine, Nicolas Cage, John Harkins","Drama, War","A&M Films, TriStar Pictures",USA,R,7.2,23407,"$12,000,000 (estimated)","$13,720","$1,455,045","$1,455,045"
54,tt0133152,Planet of the Apes,2001,119,"Nominated for 2 BAFTA Awards, 11 wins & 32 nominations total",Tim Burton,"Pierre Boulle, William Broyles Jr., Lawrence Konner","Mark Wahlberg, Helena Bonham Carter, Tim Roth","Action, Adventure, Sci-Fi","Twentieth Century Fox, The Zanuck Company, Tim Burton Productions",USA,PG-13,5.7,219971,"$100,000,000 (estimated)","$68,532,960","$180,011,740","$362,211,740"
55,tt0044706,High Noon,1952,85,"Won 4 Oscars, 17 wins & 11 nominations total",Fred Zinnemann,"Carl Foreman, John W. Cunningham","Gary Cooper, Grace Kelly, Thomas Mitchell","Drama, Thriller, Western",Stanley Kramer Productions,USA,PG,8,104263,"$730,000 (estimated)",,,
56,tt0405159,Million Dollar Baby,2004,132,"Top rated movie #174 | Won 4 Oscars, 67 wins & 86 nominations total",Clint Eastwood,"Paul Haggis, F.X. Toole","Hilary Swank, Clint Eastwood, Morgan Freeman","Drama, Sport","Warner Bros., Lakeshore Entertainment, Malpaso Productions",USA,PG-13,8.1,681410,"$30,000,000 (estimated)","$179,953","$100,492,203","$216,763,646"
57,tt0209077,Ken Park,2002,93,"Awards, 2 nominations","Larry Clark, Edward Lachman","Harmony Korine, Larry Clark","Adam Chubbuck, James Bullard, Seth Gray",Drama,"Cinéa, Kasander Film Company, Lou Yi Inc.","USA, Netherlands, France",Not Rated,5.8,29892,,,,"$1,058,905"
58,tt0055728,Advise & Consent,1962,139,"Nominated for 1 BAFTA Award, 1 win & 3 nominations total",Otto Preminger,"Allen Drury, Wendell Mayes","Franchot Tone, Lew Ayres, Henry Fonda","Drama, Thriller","Otto Preminger Films, Alpha Alpina",USA,Not Rated,7.7,7129,,,,
59,tt0405469,The Wild,2006,82,"Awards, 2 nominations",Steve 'Spaz' Williams,"Ed Decter, John J. Strauss, Mark Gibson","Kiefer Sutherland, Jim Belushi, Eddie Izzard","Animation, Adventure, Comedy","C.O.R.E. Feature Animation, Contrafilm, Freewill Entertainment","Canada, USA",G,5.2,26093,"$80,000,000 (estimated)","$9,684,809","$37,384,046","$102,338,515"
60,tt0025878,The Thin Man,1934,91,"Nominated for 4 Oscars, 3 wins & 4 nominations total",W.S. Van Dyke,"Albert Hackett, Frances Goodrich, Dashiell Hammett","William Powell, Myrna Loy, Maureen O'Sullivan","Comedy, Mystery","Cosmopolitan Productions, Metro-Goldwyn-Mayer (MGM)",USA,TV-PG,7.9,29864,"$226,408 (estimated)",,,
61,tt0019729,The Broadway Melody,1929,100,"Won 1 Oscar, 3 nominations total",Harry Beaumont,"Edmund Goulding, Norman Houston, James Gleason","Bessie Love, Anita Page, Charles King","Drama, Musical, Romance",Metro-Goldwyn-Mayer (MGM),USA,Passed,5.6,7309,"$379,000 (estimated)",,,
62,tt1179891,My Bloody Valentine,2009,101,"Awards, 4 nominations",Patrick Lussier,"Todd Farmer, Zane Smith, John Beaird","Jensen Ackles, Jaime King, Kerr Smith","Horror, Mystery, Thriller",Lionsgate,"USA, Canada",R,5.4,57034,"$15,000,000 (estimated)","$21,241,456","$51,545,952","$100,734,718"
63,tt1691448,Adventures in Plymptoons!,2011,85,"Awards, 1 win",Alexia Anastasio,,"Alexia Anastasio, John Andrews, Ralph Bakshi","Documentary, Biography",I Believe Productions,USA,Not Rated,7.1,80,,,,
64,tt0114168,Powder,1995,111,"Awards, 2 nominations",Victor Salva,Victor Salva,"Mary Steenburgen, Sean Patrick Flanery, Lance Henriksen","Drama, Fantasy, Mystery","Caravan Pictures, Daniel Grodnik Productions, Hollywood Pictures",USA,PG-13,6.6,30714,"$9,500,000 (estimated)","$7,146,973","$30,862,156","$30,862,156"
65,tt1186367,Ninja Assassin,2009,99,,James McTeigue,"Matthew Sand, J. Michael Straczynski","Rain, Rick Yune, Naomie Harris","Action, Thriller","Warner Bros., Legendary Entertainment, Dark Castle Entertainment","Germany, USA, France",R,6.3,72384,"$40,000,000 (estimated)","$13,316,158","$38,122,883","$61,601,280"
66,tt0071615,The Holy Mountain,1973,114,"Awards, 2 nominations",Alejandro Jodorowsky,Alejandro Jodorowsky,"Alejandro Jodorowsky, Horacio Salinas, Zamira Saunders","Adventure, Drama, Fantasy","ABKCO Films, Producciones Zohar",Mexico,R,7.8,43001,"$750,000 (estimated)","$4,143","$61,001","$104,160"
67,tt3393786,Jack Reacher: Never Go Back,2016,118,"Awards, 1 win",Edward Zwick,"Richard Wenk, Edward Zwick, Marshall Herskovitz","Tom Cruise, Cobie Smulders, Aldis Hodge","Action, Crime, Drama","Paramount Pictures, Skydance Media, Dream Cars","China, USA",PG-13,6.1,158594,"$60,000,000 (estimated)","$22,872,490","$58,697,076","$162,146,076"
68,tt0301199,Dirty Pretty Things,2002,97,"Nominated for 1 Oscar, 16 wins & 28 nominations total",Stephen Frears,Steven Knight,"Chiwetel Ejiofor, Audrey Tautou, Sophie Okonedo","Crime, Drama, Thriller","BBC Films, Celador Films, Jonescompany Productions",UK,R,7.3,42648,"$10,000,000 (estimated)","$100,512","$8,112,414","$13,904,766"
69,tt0130623,Dinosaur,2000,82,"Awards, 4 wins & 21 nominations","Eric Leighton, Ralph Zondag","Thom Enriquez, John Harrison, Robert Nelson Jacobs","D.B. Sweeney, Julianna Margulies, Samuel E. Wright","Animation, Adventure, Drama","Walt Disney Pictures, The Secret Lab (TSL), Walt Disney Animation Studios",USA,PG,6.4,60946,"$127,500,000 (estimated)","$38,854,851","$137,748,063","$349,822,765"
70,tt0046414,Beat the Devil,1953,89,"Awards, 1 nomination",John Huston,"Claud Cockburn, Truman Capote, John Huston","Humphrey Bogart, Jennifer Jones, Gina Lollobrigida","Action, Adventure, Comedy","Romulus Films, Dear Film, Santana Pictures Corporation","UK, Italy, USA",Approved,6.4,9314,"$1,000,000 (estimated)",,,
71,tt0120749,Mercury Rising,1998,111,"Awards, 2 wins",Harold Becker,"Ryne Douglas Pearson, Lawrence Konner, Mark Rosenthal","Bruce Willis, Miko Hughes, Alec Baldwin","Action, Crime, Drama","Universal Pictures, Imagine Entertainment",USA,R,6.1,74368,"$60,000,000 (estimated)","$10,104,715","$32,935,289","$93,107,289"
72,tt0095889,Poltergeist III,1988,98,"Awards, 2 nominations",Gary Sherman,"Gary Sherman, Brian Taggert, Steve Feke","Heather O'Rourke, Tom Skerritt, Nancy Allen","Horror, Thriller","Metro-Goldwyn-Mayer (MGM), Star Partners",USA,PG,4.6,18796,"$10,500,000 (estimated)","$4,344,308","$14,114,488","$14,114,488"
73,tt0102266,The Last Boy Scout,1991,105,"Awards, 2 nominations",Tony Scott,"Shane Black, Greg Hicks","Bruce Willis, Damon Wayans, Chelsea Field","Action, Comedy, Crime","Geffen Pictures, Silver Pictures",USA,R,7,103366,"$43,000,000 (estimated)","$7,923,669","$59,509,925","$59,509,925"
74,tt4540710,Miss Sloane,2016,132,"Awards, 1 win & 10 nominations",John Madden,Jonathan Perera,"Jessica Chastain, Mark Strong, Gugu Mbatha-Raw",Drama,"EuropaCorp, France 2 Cinéma, FilmNation Entertainment","UK, France, Canada, USA",R,7.5,74905,"$13,000,000 (estimated)","$59,797","$3,500,605","$9,101,546"
75,tt0365485,The Matador,2005,96,"Awards, 1 win & 6 nominations",Richard Shepard,Richard Shepard,"Pierce Brosnan, Greg Kinnear, Hope Davis","Comedy, Crime, Thriller","Stratus Film Co., DEJ Productions, Equity Pictures Medienfonds GmbH & Co. KG II","Ireland, Germany, USA",R,6.7,45195,"$12,500,000 (estimated)","$69,100","$12,594,698","$17,356,268"
76,tt0113936,National Lampoon's Senior Trip,1995,91,,Kelly Makin,"Roger Kumble, I. Marlene King","Matt Frewer, Valerie Mahaffey, Lawrence Dane","Adventure, Comedy","1992 Number Four Limited Partnership, Alliance Communications Corporation, National Lampoon","Canada, USA",R,5.6,5952,,"$2,184,901","$4,686,937","$4,686,937"
77,tt0055895,Days of Wine and Roses,1962,117,"Won 1 Oscar, 10 wins & 13 nominations total",Blake Edwards,J.P. Miller,"Jack Lemmon, Lee Remick, Charles Bickford",Drama,Jalem Productions,USA,Approved,7.8,12954,,,"$8,123,077",
78,tt0077305,The Cat from Outer Space,1978,104,"Awards, 1 nomination",Norman Tokar,Ted Key,"Ken Berry, Sandy Duncan, Harry Morgan","Comedy, Family, Sci-Fi",Walt Disney Productions,USA,G,6,5298,"$4,000,000 (estimated)",,,
79,tt1302067,Yogi Bear,2010,80,"Awards, 2 wins & 2 nominations",Eric Brevig,"Jennifer Ventimilia, Joshua Sternin, Brad Copeland","Dan Aykroyd, Justin Timberlake, Anna Faris","Animation, Adventure, Comedy","Warner Bros., Sunswept Entertainment, De Line Pictures","USA, New Zealand",PG,4.6,22129,"$80,000,000 (estimated)","$16,411,322","$100,246,011","$203,509,374"
80,tt2554274,Crimson Peak,2015,119,"Awards, 6 wins & 42 nominations",Guillermo del Toro,"Guillermo del Toro, Matthew Robbins","Mia Wasikowska, Jessica Chastain, Tom Hiddleston","Drama, Horror, Mystery","Double Dare You (DDY), Legendary Entertainment","USA, Mexico",R,6.5,147664,"$55,000,000 (estimated)","$13,143,310","$31,090,320","$74,679,822"
81,tt0120728,The Last Days of Disco,1998,113,"Awards, 1 win & 1 nomination",Whit Stillman,Whit Stillman,"Chloë Sevigny, Kate Beckinsale, Chris Eigeman","Comedy, Drama, Music","Castle Rock Entertainment, Polygram Filmed Entertainment, Westerly Films",USA,R,6.7,13508,"$8,000,000 (estimated)","$277,601","$3,020,601","$3,020,601"
82,tt0091474,Manhunter,1986,120,"Awards, 2 nominations",Michael Mann,"Thomas Harris, Michael Mann","William Petersen, Kim Greist, Joan Allen","Crime, Mystery, Thriller","De Laurentiis Entertainment Group (DEG), Red Dragon Productions S.A.",USA,R,7.2,73722,"$15,000,000 (estimated)","$2,204,400","$8,620,929","$8,622,412"
83,tt0297037,Brown Sugar,2002,109,"Awards, 2 wins & 18 nominations",Rick Famuyiwa,"Michael Elliot, Rick Famuyiwa","Taye Diggs, Sanaa Lathan, Yasiin Bey","Comedy, Drama, Music","Fox Searchlight Pictures, Evergreen Productions, Heller Highwater Productions",USA,PG-13,6.4,9561,"$8,000,000 (estimated)","$10,738,882","$27,363,891","$28,316,451"
84,tt0089457,Ladyhawke,1985,121,"Nominated for 2 Oscars, 5 wins & 7 nominations total",Richard Donner,"Edward Khmara, Michael Thomas, Tom Mankiewicz","Matthew Broderick, Rutger Hauer, Michelle Pfeiffer","Adventure, Comedy, Drama","Twentieth Century Fox, Warner Bros.","USA, Italy, UK",PG-13,6.9,47531,"$20,000,000 (estimated)","$3,450,536","$18,432,000","$18,432,000"
85,tt0282209,Darkness Falls,2003,86,"Awards, 1 win & 2 nominations",Jonathan Liebesman,"Joe Harris, John Fasano, James Vanderbilt","Chaney Kley, Emma Caulfield Ford, Antony Burrows","Fantasy, Horror, Mystery","Revolution Studios, Distant Corners Entertainment Group Inc., Blue Star Productions","USA, Australia",PG-13,4.9,31931,"$11,000,000 (estimated)","$12,024,917","$32,551,396","$47,488,536"
86,tt0100168,Mo' Better Blues,1990,130,"Awards, 1 win & 3 nominations",Spike Lee,Spike Lee,"Denzel Washington, Spike Lee, Wesley Snipes","Drama, Music, Romance","Universal Pictures, 40 Acres & A Mule Filmworks",USA,R,6.6,12693,"$10,000,000 (estimated)","$4,387,360","$16,153,593","$16,153,593"
87,tt0299930,Gigli,2003,121,"Awards, 12 wins & 13 nominations",Martin Brest,Martin Brest,"Ben Affleck, Jennifer Lopez, Justin Bartha","Comedy, Crime, Romance","Revolution Studios, City Light Films, Casey Silver Productions",USA,R,2.6,49047,"$54,000,000 (estimated)","$3,753,518","$6,087,542","$7,266,209"
88,tt0960890,Zombie Strippers!,2008,94,"Awards, 1 nomination",Jay Lee,Jay Lee,"Jenna Jameson, Robert Englund, Roxy Saint","Comedy, Horror, Sci-Fi","Stage 6 Films, Larande Productions, Scotty Gelt Productions",USA,R,4.1,18445,,,,"$82,360"
89,tt0414078,Halloweentown High,2004,82,,Mark A.Z. Dippé,"Paul Bernbaum, Dan Berendsen","Kimberly J. Brown, Debbie Reynolds, Judith Hoag","Comedy, Family, Fantasy","Disney Channel, Reel FX Creative Studios",USA,TV-G,6.1,7363,,,,
90,tt1791528,Inherent Vice,2014,148,"Nominated for 2 Oscars, 15 wins & 98 nominations total",Paul Thomas Anderson,"Paul Thomas Anderson, Thomas Pynchon","Joaquin Phoenix, Josh Brolin, Owen Wilson","Comedy, Crime, Drama","Ghoulardi Film Company, Warner Bros., IAC Films",USA,R,6.6,104589,"$20,000,000 (estimated)","$328,184","$8,110,975","$14,710,975"
91,tt0120257,Swept from the Sea,1997,115,,Beeban Kidron,"Joseph Conrad, Tim Willocks","Rachel Weisz, Vincent Perez, Ian McKellen","Drama, Mystery, Romance","TriStar Pictures, Phoenix Pictures, Tapson Steel Films Productions","UK, USA",PG-13,6.7,3464,,"$163,289","$397,020","$397,020"
92,tt2278871,Blue Is the Warmest Colour,2013,180,"Nominated for 1 BAFTA Award, 86 wins & 104 nominations total",Abdellatif Kechiche,"Abdellatif Kechiche, Ghalya Lacroix, Julie Maroh","Léa Seydoux, Adèle Exarchopoulos, Salim Kechiouche","Drama, Romance","Quat'sous Films, Wild Bunch, France 2 Cinéma","France, Belgium, Spain",NC-17,7.7,151988,"€4,000,000 (estimated)","$100,316","$2,199,787","$19,465,835"
93,tt0037017,Lifeboat,1944,97,"Nominated for 3 Oscars, 3 wins & 3 nominations total",Alfred Hitchcock,"John Steinbeck, Jo Swerling, Alfred Hitchcock","Tallulah Bankhead, John Hodiak, Walter Slezak","Drama, War",Twentieth Century Fox,USA,Not Rated,7.6,29219,"$1,590,000 (estimated)",,,
94,tt1731701,Barely Lethal,2015,96,,Kyle Newman,John D'Arco,"Jaime King, Samuel L. Jackson, Madeleine Stack","Action, Comedy","Main Street Films, RKO Pictures, RatPac Entertainment",USA,PG-13,5.4,22034,"$15,000,000 (estimated)",,"$6,075","$933,847"
95,tt0159272,Beautiful People,1999,107,"Awards, 4 wins & 5 nominations",Jasmin Dizdar,Jasmin Dizdar,"Thomas Goodridge, Faruk Pruti, Tony Peters","Comedy, Drama, War","Arts Council of England, British Film Institute (BFI), British Screen Productions",UK,R,6.7,2533,,"$13,987","$264,292","$264,292"
96,tt0085271,Brainstorm,1983,106,"Awards, 2 wins & 6 nominations",Douglas Trumbull,"Bruce Joel Rubin, Robert Stitzel, Philip Frank Messina","Christopher Walken, Natalie Wood, Louise Fletcher","Sci-Fi, Thriller","JF Productions, Metro-Goldwyn-Mayer (MGM), SLM Entertainment",USA,PG,6.4,12020,"$15,000,000 (estimated)","$1,196,965","$10,219,460","$10,219,460"
97,tt0065738,Frankenstein Must Be Destroyed,1969,101,"Awards, 1 nomination",Terence Fisher,"Bert Batt, Anthony Nelson Keys, Mary Shelley","Peter Cushing, Veronica Carlson, Freddie Jones","Drama, Horror, Sci-Fi",Hammer Films,UK,PG-13,6.7,4833,,,"$100,437",
98,tt0225071,Angel Eyes,2001,102,"Awards, 3 wins & 5 nominations",Luis Mandoki,Gerald Di Pego,"Jennifer Lopez, Jim Caviezel, Jeremy Sisto","Drama, Romance","Morgan Creek Entertainment, Franchise Pictures, The Canton Company",USA,R,5.6,24438,"$53,000,000 (estimated)","$9,225,575","$24,174,218","$29,715,606"
99,tt3333182,Homage to Zgougou the Cat,2002,2,,Agnès Varda,,Agnès Varda,"Documentary, Short",Ciné-tamaris,France,,6.9,173,,,,
100,tt1196141,Diary of a Wimpy Kid,2010,94,"Awards, 5 wins & 9 nominations",Thor Freudenthal,"Jackie Filgo, Jeff Filgo, Gabe Sachs","Zachary Gordon, Robert Capron, Rachael Harris","Comedy, Drama, Family","Color Force, Dayday Films, Dune Entertainment III","USA, UK",PG,6.2,50502,"$15,000,000 (estimated)","$22,126,166","$64,003,625","$76,196,538"
101,tt2546038,Maria Bamford: The Special Special Special!,2012,49,,Jordan Brady,Maria Bamford,"Maria Bamford, Joel Bamford, Marilyn Bamford",Comedy,"Brady Oil Entertainment, Chill, Comedy Dynamics",USA,TV-MA,6.8,576,,,,
102,tt1130884,Shutter Island,2010,138,"Top rated movie #147 | Awards, 11 wins & 66 nominations",Martin Scorsese,"Laeta Kalogridis, Dennis Lehane","Leonardo DiCaprio, Emily Mortimer, Mark Ruffalo","Mystery, Thriller","Paramount Pictures, Phoenix Pictures, Sikelia Productions",USA,R,8.2,1288945,"$80,000,000 (estimated)","$41,062,440","$128,012,934","$294,805,697"
103,tt0054743,The Children's Hour,1961,108,"Nominated for 5 Oscars, 1 win & 11 nominations total",William Wyler,"Lillian Hellman, John Michael Hayes","Audrey Hepburn, Shirley MacLaine, James Garner","Drama, Romance",The Mirisch Corporation,USA,Not Rated,7.8,16705,"$3,600,000 (estimated)",,,
104,tt0250809,La Virgen de los Sicarios,2000,101,"Awards, 3 wins & 3 nominations",Barbet Schroeder,Fernando Vallejo,"Germán Jaramillo, Anderson Ballesteros, Juan David Restrepo","Crime, Drama","Les Films du Losange, Le Studio Canal+, Vértigo Films","Spain, France, Colombia",R,6.8,4007,,"$56,069","$525,330","$624,525"
105,tt0398712,Assault on Precinct 13,2005,109,"Awards, 1 win & 2 nominations",Jean-François Richet,"John Carpenter, James DeMonaco","Ethan Hawke, Laurence Fishburne, Gabriel Byrne","Action, Crime, Drama","Rogue Pictures, Why Not Productions, Liaison Films","France, USA",R,6.3,78870,"$30,000,000 (estimated)","$7,000,000","$20,040,895","$35,294,470"
106,tt0113189,GoldenEye,1995,130,"Nominated for 2 BAFTA Awards, 2 wins & 8 nominations total",Martin Campbell,"Ian Fleming, Michael France, Jeffrey Caine","Pierce Brosnan, Sean Bean, Izabella Scorupco","Action, Adventure, Thriller","Eon Productions, United Artists","UK, USA",PG-13,7.2,256815,"$60,000,000 (estimated)","$26,205,007","$106,429,941","$352,194,034"
107,tt2234003,Calvary,2014,102,"Awards, 9 wins & 32 nominations",John Michael McDonagh,John Michael McDonagh,"Brendan Gleeson, Chris O'Dowd, Kelly Reilly","Crime, Drama, Mystery","Fox Searchlight Pictures, Bord Scannán na hÉireann / The Irish Film Board, British Film Institute (BFI)","Ireland, UK",R,7.4,59577,,"$74,149","$3,600,006","$16,887,741"
108,tt0110116,Immortal Beloved,1994,121,"Awards, 1 nomination",Bernard Rose,Bernard Rose,"Gary Oldman, Jeroen Krabbé, Isabella Rossellini","Biography, Drama, Music","Icon Entertainment International, Icon Productions, Majestic Films International","UK, USA",R,7.4,24926,,"$120,108","$9,914,409","$9,914,409"
109,tt0209037,Everybody's Famous!,2000,97,"Nominated for 1 Oscar, 4 wins & 5 nominations total",Dominique Deruddere,Dominique Deruddere,"Josse De Pauw, Eva van der Gucht, Werner De Smedt","Comedy, Drama, Music","Canal+, Eurimages, Flanders Film Fund","Belgium, Netherlands, France",R,6.9,3263,,"$17,104","$81,734","$97,353"
110,tt0361467,Confessions of a Teenage Drama Queen,2004,89,"Awards, 1 win",Sara Sugarman,"Dyan Sheldon, Gail Parent","Lindsay Lohan, Megan Fox, Adam Garcia","Comedy, Family, Music","Walt Disney Pictures, Confessions Productions, Argentum Film Produktion und Betriebes KG","Germany, USA",PG,4.6,29446,"$15,000,000 (estimated)","$9,350,572","$29,331,068","$33,251,890"
111,tt0145600,Brave New World,1998,87,,"Leslie Libman, Larry Williams","Aldous Huxley, Dan Mazur, David Tausik","Peter Gallagher, Leonard Nimoy, Tim Guinee","Drama, Sci-Fi","Dan Wigutow Productions, HOF Productions, Michael R. Joyce Productions",USA,,5.2,2052,,,,
112,tt0903135,The Invincible Iron Man,2007,83,"Awards, 2 nominations","Patrick Archibald, Jay Oliva, Frank Paur","Avi Arad, Greg Johnson, Craig Kyle","Marc Worden, Gwendoline Yeo, Fred Tatasciore","Animation, Action, Adventure","Marvel Studios, Lionsgate, MLG Productions 3",USA,PG-13,5.8,7330,,,,
113,tt0089730,Once Bitten,1985,94,,Howard Storm,"Dimitri Villard, David Hines, Jeffrey Hause","Lauren Hutton, Jim Carrey, Karen Kopins","Comedy, Drama, Fantasy","Night Life Inc., The Samuel Goldwyn Company",USA,PG-13,5.5,14979,"$3,200,000 (estimated)","$4,025,657","$10,000,000","$10,000,000"
114,tt0399201,The Island,2005,136,"Awards, 1 win & 6 nominations",Michael Bay,"Caspian Tredwell-Owen, Alex Kurtzman, Roberto Orci","Scarlett Johansson, Ewan McGregor, Djimon Hounsou","Action, Sci-Fi, Thriller","Dreamworks Pictures, Warner Bros., Parkes/MacDonald Image Nation",USA,PG-13,6.8,316063,"$126,000,000 (estimated)","$12,409,070","$35,818,913","$162,949,164"
115,tt0074718,Jonah Who Will Be 25 in the Year 2000,1976,116,"Awards, 2 wins",Alain Tanner,"John Berger, Alain Tanner","Myriam Boyer, Jean-Luc Bideau, Miou-Miou",Drama,"Action Films, Citel Films, Société Française de Production (SFP)","Switzerland, France",,7.5,1112,,,,
116,tt0099797,The Hot Spot,1990,130,,Dennis Hopper,"Charles Williams, Nona Tyson","Don Johnson, Virginia Madsen, Jennifer Connelly","Crime, Drama, Romance",Orion Pictures,USA,R,6.4,12130,"$13,000,000 (estimated)","$112,188","$1,293,976","$1,293,976"
117,tt0109446,The Client,1994,119,"Nominated for 1 Oscar, 3 wins & 4 nominations total",Joel Schumacher,"John Grisham, Akiva Goldsman, Robert Getchell","Susan Sarandon, Tommy Lee Jones, Brad Renfro","Crime, Drama, Mystery","Warner Bros., New Regency Productions, Alcor Films",USA,PG-13,6.7,66755,"$45,000,000 (estimated)","$17,174,262","$92,115,211","$117,615,211"
118,tt0473107,Wal-Mart: The High Cost of Low Price,2005,98,,Robert Greenwald,,"Lee Scott, Don Hunter, Jon Hunter",Documentary,Brave New Films,USA,Not Rated,6.8,4535,"$1,500,000 (estimated)",,,"$47,197"
119,tt5580390,The Shape of Water,2017,123,"Won 4 Oscars, 138 wins & 358 nominations total",Guillermo del Toro,"Guillermo del Toro, Vanessa Taylor","Sally Hawkins, Octavia Spencer, Michael Shannon","Drama, Fantasy, Romance","Double Dare You (DDY), Fox Searchlight Pictures, TSG Entertainment","USA, Mexico",R,7.3,415639,"$19,400,000 (estimated)","$166,564","$63,859,435","$195,333,312"
120,tt0295238,Personal Velocity,2002,86,"Awards, 6 wins & 5 nominations",Rebecca Miller,Rebecca Miller,"Kyra Sedgwick, Parker Posey, Fairuza Balk","Drama, Romance","Blue Magic Pictures, Goldheart Pictures, IFC Productions",USA,R,6.5,3761,"$125,000 (estimated)","$29,943","$811,299","$890,502"
121,tt1336006,The Revenant,2009,117,"Awards, 8 wins & 3 nominations",D. Kerry Prior,D. Kerry Prior,"David Anders, Chris Wylde, Louise Griffiths","Comedy, Fantasy, Horror","Wanko Toys, Putrefactory",USA,R,6.3,11047,,,,
122,tt0234354,Novocaine,2001,95,,David Atkins,"Paul Felopulos, David Atkins","Steve Martin, Helena Bonham Carter, Chelcie Ross","Comedy, Crime, Drama","Artisan Entertainment, Numb Gums Productions Inc.",USA,R,5.8,11239,"$8,000,000 (estimated)","$418,098","$2,036,682","$2,534,372"
123,tt1216487,The Girl Who Played with Fire,2009,129,"Awards, 1 win & 4 nominations",Daniel Alfredson,"Jonas Frykberg, Stieg Larsson","Noomi Rapace, Michael Nyqvist, Lena Endre","Action, Crime, Drama","Yellow Bird, ZDF Enterprises, Sveriges Television (SVT)","Sweden, Germany",R,7.1,95429,"€4,000,000 (estimated)","$904,998","$7,638,241","$67,153,225"
124,tt0454919,Pulse,2006,90,"Awards, 1 nomination",Jim Sonzero,"Kiyoshi Kurosawa, Wes Craven, Ray Wright","Kristen Bell, Rick Gonzalez, Christina Milian","Horror, Sci-Fi, Thriller","Dimension Films, Distant Horizon, Neo Art & Logic","USA, South Africa",PG-13,4.7,29497,"$20,500,000 (estimated)","$8,203,822","$20,264,436","$29,907,685"
125,tt0257756,High Crimes,2002,115,"Awards, 2 nominations",Carl Franklin,"Joseph Finder, Yuri Zeltser, Grace Cary Bickley","Jim Caviezel, Morgan Freeman, Ashley Judd","Crime, Drama, Mystery","Twentieth Century Fox, New Regency Productions, New Regency Productions",USA,PG-13,6.3,43522,"$42,000,000 (estimated)","$14,005,550","$41,543,917","$63,781,810"
126,tt0405455,Voices from the List,2004,77,"Awards, 1 nomination",Michael Mayhew,Lorna Graham,"Steven Spielberg, Leon Leyson, Leopold Rosner","Documentary, History","Allentown Productions, Shoah Foundation, Survivors of the Shoah Visual History Foundation",USA,,7.6,252,,,,
127,tt0038669,The Killers,1946,103,"Nominated for 4 Oscars, 3 wins & 5 nominations total",Robert Siodmak,"Anthony Veiller, Ernest Hemingway, John Huston","Burt Lancaster, Ava Gardner, Edmond O'Brien","Crime, Drama, Film-Noir",Mark Hellinger Productions,USA,Passed,7.7,21397,,,,"$58,222"
128,tt17305066,Heathers (1989),2021,,,,,,,,,,,,,,,
129,tt0118589,Glitter,2001,104,"Awards, 3 wins & 10 nominations",Vondie Curtis-Hall,"Cheryl L. West, Kate Lanier","Mariah Carey, Eric Benét, Max Beesley","Drama, Music, Romance","Twentieth Century Fox, Columbia Pictures, Maroon Entertainment",USA,PG-13,2.3,23564,"$22,000,000 (estimated)","$2,414,596","$4,274,407","$5,271,666"
130,tt0106827,Ernest Rides Again,1993,96,,John R. Cherry III,"John R. Cherry III, William M. Akers","Jim Varney, Ron James, Tom Butler","Comedy, Family",Emshell Producers,"Canada, USA",PG,4.7,2248,"$5,500,000 (estimated)","$905,010","$1,450,029","$1,450,029"
131,tt0089601,Mischief,1985,97,,Mel Damski,Noel Black,"Doug McKeon, Catherine Mary Stewart, Kelly Preston","Comedy, Romance",Twentieth Century Fox,USA,R,6.5,6424,,"$2,618,460","$8,692,426","$8,692,426"
132,tt0120877,Vampires,1998,108,"Awards, 7 wins & 6 nominations",John Carpenter,"John Steakley, Don Jakoby","James Woods, Daniel Baldwin, Sheryl Lee","Action, Horror, Thriller","Largo Entertainment, JVC Entertainment Networks, Storm King Productions","USA, Japan",R,6.1,59329,"$20,000,000 (estimated)","$9,106,497","$20,308,772","$20,308,772"
133,tt0113973,Nico Icon,1995,67,"Awards, 4 wins",Susanne Ofteringer,Susanne Ofteringer,"Nico, Tina Aumont, Christian Päffgen","Documentary, Biography, Music","Bluehorse Films, CIAK Filmproduktion, Zweites Deutsches Fernsehen (ZDF)","Germany, USA",,7.2,722,,"$14,763","$306,691","$306,691"
134,tt14709232,The 39 Steps 1959,2021,,,,,"Jason D. Morris, Carly Street",Talk-Show,,,,,,,,,
135,tt0437232,Catch a Fire,2006,101,"Awards, 2 wins & 14 nominations",Phillip Noyce,Shawn Slovo,"Derek Luke, Tim Robbins, Bonnie Mbuli","Biography, Drama, History","Focus Features, StudioCanal, Working Title Films","France, UK, South Africa, USA",PG-13,6.7,10509,"$14,000,000 (estimated)","$2,012,000","$4,299,773","$5,710,236"
136,tt0108525,Wayne's World 2,1993,95,"Awards, 3 nominations",Stephen Surjik,"Mike Myers, Bonnie Turner, Terry Turner","Mike Myers, Dana Carvey, Christopher Walken","Comedy, Music",Paramount Pictures,USA,PG-13,6.2,82969,"$40,000,000 (estimated)","$13,516,699","$48,197,805","$48,198,019"
137,tt2494280,Stretch,2014,94,,Joe Carnahan,"Joe Carnahan, Jerry Corley, Rob Rose","Patrick Wilson, Ed Helms, James Badge Dale","Comedy, Crime","Universal Pictures, Blumhouse Productions, Chambara Pictures",USA,R,6.5,31230,"$5,000,000 (estimated)",,,"$4,833"
138,tt0275688,Snipes,2001,113,,Rich Murray,"Rob Wiser, Rich Murray","Sam Jones III, Nelly, Zoe Saldana","Action, Drama, Music",Ruff Nation Films,USA,R,5.5,410,,"$14,027","$70,569","$70,569"
139,tt0043983,Royal Wedding,1951,93,"Nominated for 1 Oscar, 1 win & 1 nomination total",Stanley Donen,Alan Jay Lerner,"Fred Astaire, Jane Powell, Peter Lawford","Comedy, Musical, Romance",Metro-Goldwyn-Mayer (MGM),USA,Not Rated,6.7,5534,"$1,590,920 (estimated)",,,
140,tt0111309,The Sum of Us,1994,100,"Awards, 6 wins & 5 nominations","Geoff Burton, Kevin Dowling",David Stevens,"Jack Thompson, Russell Crowe, John Polson","Comedy, Drama","Australian Film Finance Corporation (AFFC), Great Sum Film Limited Partnership, Southern Star Entertainment",Australia,R,7.3,5545,"A$3,465,000 (estimated)","$38,479","$766,464","$766,464"
141,tt0269499,My Wife Is an Actress,2001,95,"Awards, 1 win & 2 nominations",Yvan Attal,Yvan Attal,"Charlotte Gainsbourg, Yvan Attal, Terence Stamp","Comedy, Drama, Romance","Canal+, Centre national du cinéma et de l'image animée (CNC), Katharina",France,R,6.4,3650,"FRF 30,000,000 (estimated)","$49,204","$1,121,233","$5,169,438"
142,tt0243508,Pursuit of Happiness,2001,93,"Awards, 2 wins & 1 nomination",John Putch,John Robert Zaring,"Frank Whaley, Annabeth Gish, Amy Jo Johnson","Comedy, Romance",Martindale Group LLC,USA,Not Rated,5.7,457,,"$1,074","$6,850","$6,850"
143,tt0105435,Sneakers,1992,126,"Awards, 2 nominations",Phil Alden Robinson,"Phil Alden Robinson, Lawrence Lasker, Walter F. Parkes","Robert Redford, Dan Aykroyd, Sidney Poitier","Comedy, Crime, Drama","Parkes/Lasker productions, Universal Pictures",USA,PG-13,7.1,59081,"$23,000,000 (estimated)","$10,031,145","$51,432,691","$105,232,691"
144,tt1570728,"Crazy, Stupid, Love.",2011,118,"Awards, 4 wins & 23 nominations","Glenn Ficarra, John Requa",Dan Fogelman,"Steve Carell, Ryan Gosling, Julianne Moore","Comedy, Drama, Romance",Carousel Productions (II),USA,PG-13,7.4,517069,"$50,000,000 (estimated)","$19,104,303","$84,379,584","$145,079,584"
145,tt1436562,Rio,2011,96,"Nominated for 1 Oscar, 3 wins & 31 nominations total",Carlos Saldanha,"Carlos Saldanha, Earl Richey Jones, Todd R. Jones","Jesse Eisenberg, Anne Hathaway, George Lopez","Animation, Adventure, Comedy","Twentieth Century Fox Animation, Blue Sky Studios",USA,PG,6.9,226996,"$90,000,000 (estimated)","$39,225,962","$143,619,809","$483,866,518"
146,tt0051878,"The Long, Hot Summer",1958,115,"Awards, 2 wins & 4 nominations",Martin Ritt,"William Faulkner, Irving Ravetch, Harriet Frank Jr.","Paul Newman, Joanne Woodward, Anthony Franciosa",Drama,Jerry Wald Productions,USA,Not Rated,7.3,11196,"$1,500,000 (estimated)",,,
147,tt0397535,Memoirs of a Geisha,2005,145,"Won 3 Oscars, 32 wins & 47 nominations total",Rob Marshall,"Robin Swicord, Arthur Golden","Ziyi Zhang, Ken Watanabe, Michelle Yeoh","Drama, Romance","Columbia Pictures, Dreamworks Pictures, Spyglass Entertainment","France, Japan, USA",PG-13,7.3,149530,"$85,000,000 (estimated)","$682,504","$57,490,508","$162,242,962"
148,tt0090605,Aliens,1986,137,"Top rated movie #65 | Won 2 Oscars, 20 wins & 23 nominations total",James Cameron,"James Cameron, David Giler, Walter Hill","Sigourney Weaver, Michael Biehn, Carrie Henn","Action, Adventure, Sci-Fi","Twentieth Century Fox, Brandywine Productions, Pinewood Studios","UK, USA",R,8.4,710928,"$18,500,000 (estimated)","$10,052,042","$85,160,248","$131,060,248"
149,tt0107653,Naked,1993,131,"Nominated for 1 BAFTA Award, 8 wins & 7 nominations total",Mike Leigh,Mike Leigh,"David Thewlis, Lesley Sharp, Katrin Cartlidge","Comedy, Drama","Thin Man Films, British Screen Productions, Channel Four Films",UK,Not Rated,7.7,39572,,"$36,463","$1,769,305","$1,797,195"
150,tt0201520,Cheburashka,1971,19,,Roman Kachanov,"Eduard Uspenskiy, Roman Kachanov","Tamara Dmitrieva, Vasiliy Livanov, Klara Rumyanova","Animation, Short, Family",Soyuzmultfilm,Soviet Union,,7.9,2439,,,,
151,tt0059903,What's New Pussycat,1965,108,"Nominated for 1 Oscar, 4 nominations total",Clive Donner,Woody Allen,"Peter Sellers, Peter O'Toole, Romy Schneider",Comedy,"Famous Artists Productions, Famartists Productions S.A., United Artists","USA, France",Approved,6.1,10361,,,"$18,820,000",
152,tt0388473,Tokyo Godfathers,2003,92,"Awards, 8 wins & 2 nominations",Satoshi Kon,"Satoshi Kon, Keiko Nobumoto","Tôru Emori, Yoshiaki Umegaki, Aya Okamoto","Animation, Adventure, Comedy","Dentsu, Genco, Madhouse",Japan,PG-13,7.8,40158,,"$29,259","$367,131","$453,133"
153,tt0080436,Battle Creek Brawl,1980,95,"Awards, 1 nomination",Robert Clouse,"Robert Clouse, Fred Weintraub","Jackie Chan, Kristine DeBell, José Ferrer","Action, Comedy, Crime","Golden Harvest Company, Warner Bros.","Hong Kong, USA",R,5.7,5424,,"$1,108,025","$8,527,743","$8,527,743"
154,tt1153702,Starz Special: The Water Horse: Legend of the Deep,2007,,,Antonia King,,,Adventure,Playground Media Group,USA,,6.6,21,,,,
155,tt0219822,Human Nature,2001,96,"Awards, 2 wins & 2 nominations",Michel Gondry,Charlie Kaufman,"Tim Robbins, Patricia Arquette, Rhys Ifans","Comedy, Drama","Fine Line Features, StudioCanal, Good Machine","France, USA",R,6.4,18376,,"$297,340","$705,308","$1,574,660"
156,tt0101452,Bill & Ted's Bogus Journey,1991,93,"Awards, 1 win & 1 nomination",Peter Hewitt,"Chris Matheson, Ed Solomon","Keanu Reeves, Alex Winter, William Sadler","Adventure, Comedy, Fantasy","Nelson Entertainment, Interscope Communications, Nelson Entertainment",USA,PG,6.3,76217,"$20,000,000 (estimated)","$10,241,268","$38,037,513","$38,039,850"
157,tt0113957,The Net,1995,114,"Awards, 2 wins",Irwin Winkler,"John Brancato, Michael Ferris","Sandra Bullock, Jeremy Northam, Dennis Miller","Action, Crime, Drama","Columbia Pictures, Winkler Films",USA,PG-13,5.9,67288,"$22,000,000 (estimated)","$10,037,745","$50,727,965","$110,627,965"
158,tt0040522,Bicycle Thieves,1948,89,"Top rated movie #121 | Nominated for 1 Oscar, 20 wins & 3 nominations total",Vittorio De Sica,"Cesare Zavattini, Luigi Bartolini, Oreste Biancoli","Lamberto Maggiorani, Enzo Staiola, Lianella Carell",Drama,Produzioni De Sica,Italy,Not Rated,8.3,162883,"$133,000 (estimated)","$25,377","$371,111","$436,655"
159,tt0119942,Primary Colors,1998,143,"Nominated for 2 Oscars, 10 wins & 31 nominations total",Mike Nichols,"Joe Klein, Elaine May","John Travolta, Emma Thompson, Kathy Bates","Comedy, Drama","Award Entertainment, British Broadcasting Corporation (BBC), H2L Media Group","UK, USA, France, Germany, Japan",R,6.7,29127,"$65,000,000 (estimated)","$12,045,395","$39,001,187","$52,090,187"
160,tt1124388,Play the Game,2009,105,"Awards, 3 wins",Marc Fienberg,Marc Fienberg,"Paul Campbell, Andy Griffith, Doris Roberts","Comedy, Romance",Story Films,USA,PG-13,6.3,2777,"$1,100,000 (estimated)","$51,197","$659,483","$659,483"
161,tt2626338,Shadow World,2016,94,"Awards, 4 wins",Johan Grimonprez,"Andrew Feinstein, Johan Grimonprez",,Documentary,"Dillywood, Final Cut for Real, Louverture Films","Belgium, Denmark",,7.5,737,,,,
162,tt0117357,The Pompatus of Love,1995,99,,Richard Schenkman,"Jon Cryer, Adam Oliensis, Richard Schenkman","Adrian Pasdar, Paige Turco, Arabella Field","Comedy, Drama, Romance","BMG Independents, Counterproductions Inc., Monte Cristo International","France, USA",R,5.3,599,,,,
163,tt0443543,The Illusionist,2006,110,"Nominated for 1 Oscar, 11 wins & 12 nominations total",Neil Burger,"Neil Burger, Steven Millhauser","Edward Norton, Jessica Biel, Paul Giamatti","Drama, Fantasy, Mystery","Bull's Eye Entertainment, Bob Yari Productions, Contagious Entertainment","USA, Czech Republic",PG-13,7.6,371868,"$16,500,000 (estimated)","$927,956","$39,868,642","$87,892,388"
164,tt2118624,The Final Girls,2015,91,"Awards, 7 wins & 13 nominations",Todd Strauss-Schulson,"M.A. Fortin, Joshua John Miller","Taissa Farmiga, Malin Akerman, Adam Devine","Comedy, Drama, Fantasy","Groundswell Productions, Studio Solutions, Ulterior Productions",USA,PG-13,6.5,47093,"$6,538,513 (estimated)",,,
165,tt0096913,Best of the Best,1989,97,"Awards, 1 nomination",Robert Radler,"Phillip Rhee, Paul Levine, Max Strom","Eric Roberts, James Earl Jones, Sally Kirkland","Action, Drama, Sport","The Movie Group, SVS Films, Kuys Entertainment",USA,PG-13,6.4,14155,"$5,000,000 (estimated)","$990,000","$1,700,000","$1,700,000"
166,tt0131646,Wing Commander,1999,100,,Chris Roberts,"Chris Roberts, Kevin Droney","Freddie Prinze Jr., Matthew Lillard, Saffron Burrows","Action, Adventure, Sci-Fi","Centurion, American Entertainment Investors, Digital Anvil","Luxembourg, USA",PG-13,4.3,16897,"$30,000,000 (estimated)","$5,114,365","$11,578,059","$11,578,059"
167,tt0142250,Dragon Ball: The Path to Power,1996,80,,Shigeyasu Yamauchi,"Akira Toriyama, Aya Matsui","Masako Nozawa, Hiromi Tsuru, Naoki Tatsuta","Animation, Action, Adventure","Bird Studios, Toei Animation, Toei Doga",Japan,Unrated,7.2,2332,,,,
168,tt0249893,The Price of Milk,2000,87,"Awards, 3 wins & 2 nominations",Harry Sinclair,Harry Sinclair,"Danielle Cormack, Karl Urban, Willa O'Neill","Comedy, Drama, Fantasy","John Swimmer Productions, New Zealand Film Commission",New Zealand,PG-13,6.5,1720,,"$10,027","$111,124",
169,tt1216491,Kill the Messenger,2014,112,"Awards, 3 wins & 6 nominations",Michael Cuesta,"Peter Landesman, Gary Webb, Nick Schou","Jeremy Renner, Robert Patrick, Jena Sims","Biography, Crime, Drama","Sierra / Affinity, Bluegrass Films, The Combine",USA,R,6.9,46978,,"$941,809","$2,450,846","$5,218,973"
170,tt0102336,Loser,1991,84,,Erik Burke,Erik Burke,"Brendan Kelly, John Salemmo, Nadine Miral",Comedy,,USA,,7.8,20,,,,
171,tt1120985,Blue Valentine,2010,112,"Nominated for 1 Oscar, 9 wins & 56 nominations total",Derek Cianfrance,"Derek Cianfrance, Joey Curtis, Cami Delavigne","Ryan Gosling, Michelle Williams, John Doman","Drama, Romance","Incentive Filmed Entertainment, Silverwood Films, Hunting Lane Films",USA,R,7.3,197279,"$1,000,000 (estimated)","$193,728","$9,706,328","$15,440,333"
172,tt1045778,Year One,2009,97,"Awards, 1 nomination",Harold Ramis,"Harold Ramis, Gene Stupnitsky, Lee Eisenberg","Jack Black, Michael Cera, Olivia Wilde",Comedy,"Columbia Pictures, Ocean Pictures, Apatow Productions",USA,PG-13,4.9,98361,"$60,000,000 (estimated)","$19,610,304","$43,337,279","$62,357,900"
173,tt1197628,Observe and Report,2009,86,"Awards, 1 win & 4 nominations",Jody Hill,Jody Hill,"Seth Rogen, Anna Faris, Ray Liotta","Comedy, Crime, Drama","De Line Pictures, Legendary Entertainment",USA,R,5.7,63471,"$18,000,000 (estimated)","$11,017,334","$24,007,324","$26,973,554"
174,tt0409182,Poseidon,2006,98,"Nominated for 1 Oscar, 7 nominations total",Wolfgang Petersen,"Mark Protosevich, Paul Gallico","Richard Dreyfuss, Kurt Russell, Emmy Rossum","Action, Adventure, Thriller","Warner Bros., Virtual Studios, Radiant Productions",USA,PG-13,5.7,105169,"$160,000,000 (estimated)","$22,155,410","$60,674,817","$181,674,817"
175,tt0117293,Paradise Lost: The Child Murders at Robin Hood Hills,1996,150,"Won 1 Primetime Emmy, 9 wins & 10 nominations total","Joe Berlinger, Bruce Sinofsky",,"Tony Brooks, Diana Davis, Terry Wood","Documentary, Crime","Creative Thinking International Ltd., Home Box Office (HBO)",USA,Not Rated,8.2,16918,,,,
176,tt0119310,"Honey, We Shrunk Ourselves!",1997,74,,Dean Cundey,"Stuart Gordon, Brian Yuzna, Ed Naha","Rick Moranis, Eve Gordon, Bug Hall","Action, Adventure, Comedy",Walt Disney Pictures,USA,PG,4.9,15429,,,,
177,tt0926063,Dance of the Dead,2008,87,"Awards, 1 win & 2 nominations",Gregg Bishop,Joe Ballarini,"Jared Kusnitz, Greyson Chadwick, Chandler Darby","Action, Comedy, Horror","Compound B, Bishop Studios LLC, Bleiberg Entertainment",USA,R,5.8,11707,,,,
178,tt0112966,The Englishman Who Went Up a Hill But Came Down a Mountain,1995,99,"Awards, 1 win & 1 nomination",Christopher Monger,"Ifor David Monger, Christopher Monger","Hugh Grant, Tara Fitzgerald, Colm Meaney","Comedy, Drama, Romance","Miramax, Parallax Pictures",UK,PG,6.6,17667,"$40,997,769 (estimated)","$2,811,355","$10,904,930","$10,904,930"
179,tt0119535,A Life Less Ordinary,1997,103,"Awards, 1 win & 3 nominations",Danny Boyle,John Hodge,"Cameron Diaz, Ewan McGregor, Holly Hunter","Comedy, Crime, Fantasy","Channel Four Films, Figment Films, Polygram Filmed Entertainment","UK, USA",R,6.3,35770,"$12,000,000 (estimated)","$2,007,279","$4,366,722","$4,366,722"
180,tt1555440,Girltrash: All Night Long,2014,86,"Awards, 2 wins",Alexandra Kondracke,Angela Robinson,"Lisa Rieffel, Erin Kelly, Michelle Lombardo","Comedy, Crime, Drama",Power Up Films,USA,Not Rated,6.1,1369,"$3,500,000 (estimated)",,,
181,tt0029146,The Life of Emile Zola,1937,116,"Won 3 Oscars, 8 wins & 7 nominations total",William Dieterle,"Norman Reilly Raine, Heinz Herald, Geza Herczeg","Paul Muni, Gale Sondergaard, Joseph Schildkraut","Biography, Drama",Warner Bros.,USA,Passed,7.2,8286,,,,
182,tt0286947,Scorched,2003,95,,Gavin Grazer,"Joe Wein, Max Wein","Alicia Silverstone, Rachael Leigh Cook, Woody Harrelson","Comedy, Crime","Code Entertainment, Eclipse Catering",USA,PG-13,5.9,6764,"$7,000,000 (estimated)","$8,000","$8,000","$369,194"
183,tt0120873,U.S. Marshals,1998,131,"Awards, 1 nomination",Stuart Baird,"Roy Huggins, John Pogue","Tommy Lee Jones, Wesley Snipes, Robert Downey Jr.","Action, Crime, Thriller","Warner Bros., Kopelson Entertainment",USA,PG-13,6.5,106120,"$60,000,000 (estimated)","$16,863,988","$57,167,405","$102,367,405"
184,tt1133985,Green Lantern,2011,114,"Awards, 3 wins & 6 nominations",Martin Campbell,"Greg Berlanti, Michael Green, Marc Guggenheim","Ryan Reynolds, Blake Lively, Peter Sarsgaard","Action, Adventure, Sci-Fi","Warner Bros., De Line Pictures, DC Entertainment",USA,PG-13,5.5,284678,"$200,000,000 (estimated)","$53,174,303","$116,601,172","$219,851,172"
185,tt5521550,Dirty 30,2016,86,"Awards, 1 win & 2 nominations",Andrew Bush,"Mamrie Hart, Molly Prather","Mamrie Hart, Adam Lustick, Joselyn Hughes",Comedy,Michael Goldfine Productions,USA,PG-13,5.4,2991,,,,
186,tt0318411,The Magdalene Sisters,2002,114,"Nominated for 2 BAFTA Awards, 18 wins & 15 nominations total",Peter Mullan,Peter Mullan,"Eileen Walsh, Dorothy Duffy, Nora-Jane Noone",Drama,"Scottish Screen, Film Council, Bord Scannán na hÉireann / The Irish Film Board","UK, Ireland",R,7.7,27342,,"$84,553","$4,890,878","$21,107,578"
187,tt0121766,Star Wars: Episode III - Revenge of the Sith,2005,140,"Nominated for 1 Oscar, 26 wins & 63 nominations total",George Lucas,"George Lucas, John Ostrander, Jan Duursema","Hayden Christensen, Natalie Portman, Ewan McGregor","Action, Adventure, Fantasy","Lucasfilm, Mestiere Cinema, Pandora Films","USA, Italy, Switzerland, Thailand",PG-13,7.6,783467,"$113,000,000 (estimated)","$108,435,841","$380,270,577","$868,390,560"
188,tt0092493,Crocodile Dundee II,1988,108,"Awards, 2 wins",John Cornell,"Paul Hogan, Brett Hogan","Paul Hogan, Linda Kozlowski, John Meillon","Action, Adventure, Comedy","Paramount Pictures, Rimfire Films",Australia,PG,5.7,57615,"$14,000,000 (estimated)","$24,462,976","$109,306,210","$239,606,210"
189,tt0423505,"Wake Up, Ron Burgundy",2004,93,,Adam McKay,"Will Ferrell, Adam McKay","Will Ferrell, Christina Applegate, Paul Rudd",Comedy,"Apatow Productions, DreamWorks",USA,Not Rated,6,6301,,,,
190,tt0095330,The Hound of the Baskervilles,1988,105,,Brian Mills,"Arthur Conan Doyle, John Hawkesworth, T.R. Bowen","Jeremy Brett, Edward Hardwicke, Raymond Adamson","Crime, Drama, Horror","Granada Television, WGBH",UK,Unrated,7.8,5428,,,,
191,tt1213648,London Boulevard,2010,103,"Awards, 1 nomination",William Monahan,"William Monahan, Ken Bruen","Colin Farrell, Keira Knightley, Ray Winstone","Crime, Drama","GK Films, Henceforth, Projection Pictures","USA, UK",R,6.2,48513,"$25,000,000 (estimated)","$3,431","$16,075","$8,307,227"
192,tt0308383,The Human Stain,2003,106,"Awards, 3 wins & 5 nominations",Robert Benton,"Philip Roth, Nicholas Meyer","Anthony Hopkins, Nicole Kidman, Ed Harris","Drama, Romance, Thriller","Miramax, Lakeshore Entertainment, Stone Village Pictures","Germany, USA",R,6.2,31084,"$30,000,000 (estimated)","$1,034,195","$5,381,908","$22,954,068"
193,tt3534838,Too Many Cooks,2014,11,"Awards, 1 win & 2 nominations",Casper Kelly,"Casper Kelly, Jim Fortier, Nick Gibbons","Ken DeLozier, Tara Ochs, Katelyn Nacon","Short, Comedy, Horror","Awesome, Fake Wood Wallpaper, Williams Street",USA,TV-MA,8.4,4635,,,,
194,tt0091159,Gung Ho,1986,111,"Awards, 1 nomination",Ron Howard,"Edwin Blum, Lowell Ganz, Babaloo Mandel","Michael Keaton, Gedde Watanabe, George Wendt","Comedy, Drama",Paramount Pictures,USA,PG-13,6.3,13166,"$18,000,000 (estimated)","$7,170,830","$36,611,610","$36,611,610"
195,tt2245195,The History of Future Folk,2012,86,"Awards, 2 wins & 2 nominations","John Mitchell, Jeremy Kipp Walker",John Mitchell,"Nils d'Aulaire, Jay Klaitz, Julie Ann Emery","Comedy, Music, Sci-Fi",Maida Vale Films,USA,Not Rated,7.1,3516,,"$5,775","$17,646","$17,646"
196,tt2398249,They Came Together,2014,83,,David Wain,"Michael Showalter, David Wain","Paul Rudd, Amy Poehler, Bill Hader","Comedy, Romance",Lionsgate,USA,R,5.6,22967,,,,
197,tt0107983,Romeo Is Bleeding,1993,110,"Awards, 2 nominations",Peter Medak,Hilary Henkin,"Gary Oldman, Lena Olin, Wallace Wood","Crime, Drama, Romance","Polygram Filmed Entertainment, Working Title Films, Hilary Henkin","UK, USA",R,6.6,14208,"$11,500,000 (estimated)","$1,225,737","$3,275,585","$3,275,585"
198,tt0416044,Mongol: The Rise of Genghis Khan,2007,126,"Nominated for 1 Oscar, 16 wins & 13 nominations total",Sergei Bodrov,"Arif Aliev, Sergei Bodrov","Tadanobu Asano, Amadu Mamadakov, Khulan Chuluun","Action, Biography, Drama","CTB Film Company, Andreevsky Flag Film Company, X-Filme Creative Pool","Russia, Germany, Kazakhstan",R,7.2,46940,"$18,000,000 (estimated)","$135,326","$5,705,761","$26,527,510"
199,tt0077975,National Lampoon's Animal House,1978,109,"Awards, 2 wins & 1 nomination",John Landis,"Harold Ramis, Douglas Kenney, Chris Miller","John Belushi, Karen Allen, Tom Hulce",Comedy,"Universal Pictures, Oregon Film Factory, Stage III Productions",USA,R,7.4,121161,"$3,000,000 (estimated)","$276,538","$141,600,000","$141,600,000"
200,tt0382628,Dark Water,2005,105,"Awards, 6 nominations",Walter Salles,"Kôji Suzuki, Hideo Nakata, Takashige Ichise","Jennifer Connelly, Ariel Gade, John C. Reilly","Drama, Horror, Mystery","Touchstone Pictures, Pandemonium Productions, Vertigo Entertainment",USA,PG-13,5.6,62938,"$30,000,000 (estimated)","$9,939,251","$25,473,352","$68,357,079"
201,tt0069945,Dark Star,1974,83,"Awards, 1 win & 2 nominations",John Carpenter,"John Carpenter, Dan O'Bannon","Dan O'Bannon, Dre Pahich, Brian Narelle","Comedy, Sci-Fi","Jack H. Harris Enterprises, University of Southern California (USC)",USA,G,6.2,24855,"$60,000 (estimated)",,,
202,tt3411432,All Creatures Big And Small,2015,87,"Awards, 2 wins","Toby Genkel, Sean McCormack","Mark Hodkinson, Richie Conroy, Toby Genkel","Dermot Magennis, Callum Maloney, Tara Flynn","Animation, Adventure, Comedy","Ulysses Filmproduktion, Fabrique d'Images, Skyline Entertainment","Germany, Belgium, Luxembourg, Ireland, USA",G,5.8,4745,"€8,400,000 (estimated)",,,"$22,783,699"
203,tt0090849,Class of Nuke 'Em High,1986,85,,"Richard W. Haines, Lloyd Kaufman","Richard W. Haines, Mark Rudnitsky, Lloyd Kaufman","Janelle Brady, Gil Brenton, Robert Prichard","Comedy, Horror, Sci-Fi",Troma Entertainment,USA,R,5.6,8638,"$400,000 (estimated)",,,
204,tt0082176,Christiane F.,1981,138,"Awards, 2 wins",Uli Edel,"Herman Weigel, Kai Hermann, Horst Rieck","Natja Brunckhorst, Eberhard Auriga, Peggy Bussieck","Biography, Drama","Solaris Film, Maran Film, Popular Filmproduktion",West Germany,R,7.5,25510,"DEM 4,000,000 (estimated)",,,
205,tt0084855,The Verdict,1982,129,"Nominated for 5 Oscars, 3 wins & 14 nominations total",Sidney Lumet,"Barry Reed, David Mamet, Jay Presson Allen","Paul Newman, Charlotte Rampling, Jack Warden",Drama,Twentieth Century Fox,USA,R,7.7,40582,"$16,000,000 (estimated)","$100,982","$53,977,250","$53,993,738"
206,tt3793788,The Escort,2015,88,"Awards, 1 nomination",Will Slocombe,"Michael Doneger, Brandon Cohen","Lyndsy Fonseca, Michael Doneger, Tommy Dewey","Comedy, Drama, Romance","Cloverhill Pictures, Perspective Productions, Skyhook Productions",USA,Not Rated,6,13420,,,,
207,tt0102500,Mystery Date,1991,97,,Jonathan Wacks,"Parker Bennett, Terry Runte","Ethan Hawke, Teri Polo, Brian McNamara","Comedy, Crime, Romance",Orion Pictures,USA,PG-13,6,3133,"$10,000,000 (estimated)","$1,952,569","$6,166,819","$6,166,819"
208,tt0103596,3 Ninjas,1992,84,"Awards, 1 nomination",Jon Turteltaub,"Kenny Kim, Edward Emanuel","Victor Wong, Michael Treanor, Max Elliott Slade","Action, Comedy, Family","Touchstone Pictures, Global Venture Hollywood, Sheen Productions",USA,PG,5.3,21859,"$6,500,000 (estimated)","$5,888,920","$29,000,301","$29,000,301"
209,tt1430612,Brick Mansions,2014,90,"Awards, 1 nomination",Camille Delamarre,"Luc Besson, Bibi Naceri, Ryan Amon","Paul Walker, David Belle, RZA","Action, Crime, Thriller","Relativity Media, EuropaCorp, Transfilm","France, Canada, USA, Spain",PG-13,5.6,42551,"$28,000,000 (estimated)","$9,516,855","$20,396,829","$71,416,730"
210,tt0109093,Amateur,1994,105,"Awards, 1 win & 2 nominations",Hal Hartley,Hal Hartley,"Isabelle Huppert, Martin Donovan, Elina Löwensohn","Comedy, Crime, Drama","American Playhouse, Channel Four Films, La Sept Cinéma","USA, UK, France",R,6.8,6397,"$2,300,000 (estimated)",,"$757,088","$757,088"
211,tt0100419,Problem Child,1990,81,"Awards, 1 nomination",Dennis Dugan,"Scott Alexander, Larry Karaszewski","Michael Oliver, John Ritter, Jack Warden","Comedy, Family","Universal Pictures, Imagine Entertainment",USA,PG,5.4,30937,"$11,000,000 (estimated)","$10,026,900","$53,470,891","$72,270,891"
212,tt0057581,The Thrill of It All,1963,108,"Awards, 2 nominations",Norman Jewison,"Carl Reiner, Larry Gelbart","Doris Day, James Garner, Arlene Francis","Comedy, Romance","Ross Hunter Productions, Arwin Productions",USA,Approved,6.9,5539,,,"$11,779,093",
213,tt0493405,CHIPS,2017,100,"Awards, 2 wins & 1 nomination",Dax Shepard,"Rick Rosner, Dax Shepard","Michael Peña, Dax Shepard, Vincent D'Onofrio","Action, Comedy, Crime","Primate Pictures, RatPac-Dune Entertainment, Warner Bros.",USA,R,6,48125,"$25,000,000 (estimated)","$7,722,802","$18,600,152","$26,800,152"
214,tt0104756,Lorenzo's Oil,1992,129,"Nominated for 2 Oscars, 8 nominations total",George Miller,"George Miller, Nick Enright","Nick Nolte, Susan Sarandon, Peter Ustinov","Biography, Drama","Universal Pictures, Kennedy Miller Productions",USA,PG-13,7.3,22647,"$30,000,000 (estimated)","$79,353","$7,286,388","$7,286,388"
215,tt0092746,Cherry 2000,1987,99,"Awards, 1 nomination",Steve De Jarnatt,"Lloyd Fonvielle, Michael Almereyda","Melanie Griffith, David Andrews, Pamela Gidley","Action, Adventure, Comedy","Orion Pictures, ERP Productions (I)",USA,PG-13,5.5,9877,"$10,000,000 (estimated)",,,
216,tt1136608,District 9,2009,112,"Nominated for 4 Oscars, 31 wins & 117 nominations total",Neill Blomkamp,"Neill Blomkamp, Terri Tatchell","Sharlto Copley, David James, Jason Cope","Action, Sci-Fi, Thriller","TriStar Pictures, Block / Hanson, WingNut Films","South Africa, USA, New Zealand, Canada",R,7.9,677842,"$30,000,000 (estimated)","$37,354,308","$115,646,235","$210,888,950"
217,tt1228987,Let Me In,2010,116,"Awards, 14 wins & 28 nominations",Matt Reeves,"Matt Reeves, John Ajvide Lindqvist","Kodi Smit-McPhee, Chloë Grace Moretz, Richard Jenkins","Drama, Fantasy, Horror","Overture Films, Exclusive Media Group, Hammer Films","UK, USA",R,7.1,121622,"$20,000,000 (estimated)","$5,147,479","$12,134,935","$27,093,592"
218,tt0042208,The Asphalt Jungle,1950,112,"Nominated for 4 Oscars, 5 wins & 14 nominations total",John Huston,"Ben Maddow, John Huston, W.R. Burnett","Sterling Hayden, Louis Calhern, Jean Hagen","Crime, Drama, Film-Noir",Metro-Goldwyn-Mayer (MGM),USA,Passed,7.8,27233,"$1,232,000 (estimated)",,,"$29,868"
219,tt0084938,Young Doctors in Love,1982,96,,Garry Marshall,"Michael Elias, Rich Eustis","Michael McKean, Sean Young, Gary Friedkin",Comedy,ABC Motion Pictures,USA,R,5.5,3271,"$7,500,000 (estimated)","$4,206,265","$30,688,860","$30,688,860"
220,tt2771200,Beauty and the Beast,2017,129,"Nominated for 2 Oscars, 15 wins & 76 nominations total",Bill Condon,"Stephen Chbosky, Evan Spiliotopoulos, Linda Woolverton","Emma Watson, Dan Stevens, Luke Evans","Adventure, Family, Fantasy","Mandeville Films, Walt Disney Pictures",USA,PG,7.1,306714,"$160,000,000 (estimated)","$174,750,616","$504,481,165","$1,273,576,220"
221,tt0056541,Sweet Bird of Youth,1962,120,"Won 1 Oscar, 3 wins & 7 nominations total",Richard Brooks,"Tennessee Williams, Richard Brooks","Paul Newman, Geraldine Page, Shirley Knight","Drama, Romance",Roxbury Productions Inc.,USA,Approved,7.2,7827,,,,
222,tt0088286,Top Secret!,1984,90,,"Jim Abrahams, David Zucker, Jerry Zucker","Jim Abrahams, David Zucker, Jerry Zucker","Val Kilmer, Omar Sharif, Jeremy Kemp","Comedy, Crime, Music",Kingsmere Properties,"UK, USA",PG,7.2,67246,"$9,000,000 (estimated)","$4,406,205","$20,458,340","$20,458,340"
223,tt0087277,Footloose,1984,107,"Nominated for 2 Oscars, 1 win & 6 nominations total",Herbert Ross,Dean Pitchford,"Kevin Bacon, Lori Singer, John Lithgow","Drama, Music, Romance","Paramount Pictures, Phoenix Pictures, IndieProd Company Productions",USA,PG,6.6,80795,"$8,200,000 (estimated)","$8,556,935","$80,035,402","$80,039,064"
224,tt1538364,Radio Pirates,2009,,,Craig Newland,"Andrew Gunn, Craig Newland","Lindsay Farris, John Gregg, Melanie Vallejo","Short, Drama",No.8 Films,Australia,,8.4,12,,,,
225,tt0112818,Dead Man Walking,1995,122,"Won 1 Oscar, 23 wins & 23 nominations total",Tim Robbins,"Helen Prejean, Tim Robbins","Susan Sarandon, Sean Penn, Robert Prosky","Crime, Drama","Havoc, Polygram Filmed Entertainment, Working Title Films","UK, USA",R,7.5,95241,"$11,000,000 (estimated)","$118,266","$39,363,635","$39,363,635"
226,tt0038109,Spellbound,1945,111,"Won 1 Oscar, 5 wins & 6 nominations total",Alfred Hitchcock,"Ben Hecht, John Palmer, Hilary St George Saunders","Ingrid Bergman, Gregory Peck, Michael Chekhov","Film-Noir, Mystery, Romance","Selznick International Pictures, Vanguard Films",USA,Approved,7.5,48655,"$1,696,377 (estimated)",,,"$19,000"
227,tt0251127,How to Lose a Guy in 10 Days,2003,116,"Awards, 1 win & 8 nominations",Donald Petrie,"Michele Alexander, Jeannie Long, Kristen Buckley","Kate Hudson, Matthew McConaughey, Adam Goldberg","Comedy, Romance","Lynda Obst Productions, MMP Verwaltungsgesellschaft mbH, Moviemakers Productions (MMP)","USA, Germany",PG-13,6.4,237106,"$50,000,000 (estimated)","$23,774,850","$105,813,373","$177,502,387"
228,tt0031679,Mr. Smith Goes to Washington,1939,129,"Top rated movie #192 | Won 1 Oscar, 6 wins & 16 nominations total",Frank Capra,"Sidney Buchman, Lewis R. Foster, Myles Connolly","James Stewart, Jean Arthur, Claude Rains","Comedy, Drama",Columbia Pictures,USA,Passed,8.1,115543,"$1,900,000 (estimated)","$83,205","$144,738","$144,738"
229,tt0095270,Hairspray,1988,92,"Awards, 7 nominations",John Waters,John Waters,"Sonny Bono, Ruth Brown, Divine","Comedy, Drama, Family","New Line Cinema, Stanley F. Buchthal, Robert Shaye Production",USA,PG,7,21621,"$2,000,000 (estimated)","$577,287","$6,671,108","$6,673,032"
230,tt0039808,The Secret Life of Walter Mitty,1947,110,,Norman Z. McLeod,"Ken Englund, Everett Freeman, James Thurber","Danny Kaye, Virginia Mayo, Boris Karloff","Comedy, Fantasy, Romance",The Samuel Goldwyn Company,USA,Approved,6.9,6404,,,,"$956,625"
231,tt0120857,Tea with Mussolini,1999,117,"Won 1 BAFTA Award, 5 wins & 3 nominations total",Franco Zeffirelli,"John Mortimer, Franco Zeffirelli","Maggie Smith, Judi Dench, Joan Plowright","Comedy, Drama, War","Medusa Film, Cattleya, Cineritmo","Italy, UK",PG,6.9,13494,"$12,000,000 (estimated)","$1,633,183","$14,401,563","$14,401,563"
232,tt0342492,The Green Butchers,2003,100,"Awards, 7 wins & 8 nominations",Anders Thomas Jensen,Anders Thomas Jensen,"Nikolaj Lie Kaas, Mads Mikkelsen, Line Kruse","Comedy, Drama","M&M Productions, TV2 Danmark",Denmark,R,7.2,22439,,"$2,483","$3,783","$3,783"
233,tt0114113,The Perez Family,1995,113,,Mira Nair,"Christine Bell, Robin Swicord","Marisa Tomei, Anjelica Huston, Alfred Molina","Comedy, Romance, Drama","Sprockets Music, Sprockets Music, The Samuel Goldwyn Company",USA,R,6,2337,"$11,000,000 (estimated)","$1,127,645","$2,832,826","$2,832,826"
234,tt0177650,Company Man,2000,86,,"Peter Askin, Douglas McGrath","Peter Askin, Douglas McGrath","Douglas McGrath, Sigourney Weaver, Paul Guilfoyle",Comedy,"Film Foundry Partners, GreeneStreet Films, Intermedia Films","UK, France, USA",PG-13,5.2,2102,"$16,000,000 (estimated)","$74,743","$146,193","$146,193"
235,tt0825232,The Bucket List,2007,97,"Awards, 3 wins & 4 nominations",Rob Reiner,Justin Zackham,"Jack Nicholson, Morgan Freeman, Sean Hayes","Adventure, Comedy, Drama","Warner Bros., Zadan / Meron Productions, Two Ton Films",USA,PG-13,7.4,245560,"$45,000,000 (estimated)","$335,837","$93,466,502","$175,372,502"
236,tt1596343,Fast Five,2011,130,"Awards, 9 wins & 21 nominations",Justin Lin,"Chris Morgan, Gary Scott Thompson","Vin Diesel, Paul Walker, Dwayne Johnson","Action, Crime, Thriller","Universal Pictures, Original Film, One Race Productions",USA,PG-13,7.3,379861,"$125,000,000 (estimated)","$86,198,765","$209,837,675","$626,137,675"
237,tt0253754,Star Trek: Nemesis,2002,116,"Awards, 1 win & 4 nominations",Stuart Baird,"Gene Roddenberry, John Logan, Rick Berman","Patrick Stewart, Jonathan Frakes, Brent Spiner","Action, Adventure, Sci-Fi","Paramount Pictures, Digital Image Associates",USA,PG-13,6.4,79439,"$60,000,000 (estimated)","$18,513,305","$43,254,409","$67,336,470"
238,tt0117372,The Preacher's Wife,1996,123,"Nominated for 1 Oscar, 4 wins & 7 nominations total",Penny Marshall,"Robert Nathan, Robert E. Sherwood, Leonardo Bercovici","Denzel Washington, Whitney Houston, Courtney B. Vance","Comedy, Drama, Fantasy","Touchstone Pictures, The Samuel Goldwyn Company, Mundy Lane Entertainment",USA,PG,5.6,12396,"$40,000,000 (estimated)","$7,649,752","$48,102,795","$48,102,795"
